company,complaint_count
CL Holdings LLC,13681
CAPITAL ONE FINANCIAL CORPORATION,10493
ENCORE CAPITAL GROUP INC.,10326
JPMORGAN CHASE & CO.,10079
"Portfolio Recovery Associates, LLC",9334
"BANK OF AMERICA, NATIONAL ASSOCIATION",9293
"CITIBANK, N.A.",9144
Resurgent Capital Services L.P.,9067
WELLS FARGO & COMPANY,8965
"Block, Inc.",6831
"TRANSUNION INTERMEDIATE HOLDINGS, INC.",6665
SYNCHRONY FINANCIAL,6292
Experian Information Solutions Inc.,6201
"Paypal Holdings, Inc",5572
"EQUIFAX, INC.",5219
Chime Financial Inc,5152
"CCS Financial Services, Inc.",5047
AMERICAN EXPRESS COMPANY,4255
"Kriya Capital, LLC",3949
"Bread Financial Holdings, Inc.",3884
"I.C. System, Inc.",3673
NAVY FEDERAL CREDIT UNION,3532
"National Credit Systems,Inc.",3160
"CAINE & WEINER COMPANY, INC.",3102
GOLDMAN SACHS BANK USA,2439
"Spring Oaks Capital, LLC",2425
U.S. BANCORP,2316
TRANSWORLD SYSTEMS INC,2121
TD BANK US HOLDING COMPANY,2109
BARCLAYS BANK DELAWARE,2047
"Affirm Holdings, Inc",1695
TRUIST FINANCIAL CORPORATION,1656
"National Credit Adjusters, LLC",1622
Servicer under contract with Federal Student Aid,1591
"Harris & Harris, Ltd.",1428
"SOFI TECHNOLOGIES, INC.",1404
"Aldous & Associates, PLLC",1389
TrueAccord Corp.,1367
Radius Global Solutions LLC,1345
PNC Bank N.A.,1334
Self Financial Inc.,1283
"SUNRISE CREDIT SERVICES, INC",1237
T.S. Holdings,1231
UNITED SERVICES AUTOMOBILE ASSOCIATION,1209
"Rowland Avenue Management, Inc. A/KA Columbia Debt Recovery, LLC d/b/a Genesis",1192
DISCOVER BANK,1110
"SANTANDER HOLDINGS USA, INC.",1002
ALLY FINANCIAL INC.,981
"Credit Control, LLC",977
"HW Holding, Inc",951
NCB Management Services Inc.,818
Kikoff Inc.,813
"CLGF Holdco 1, LLC",803
ROBINHOOD MARKETS INC.,798
"ProCollect, Inc.",784
"FAIR COLLECTIONS & OUTSOURCING, INC.",755
"Ability Recovery Services, LLC",732
"CITIZENS FINANCIAL GROUP, INC.",726
"Sequium Asset Solutions, LLC",711
"Early Warning Services, LLC",705
V and H Portfolio,698
Central Portfolio Control Inc.,695
OneMain Finance Corporation,684
"HUNTINGTON NATIONAL BANK, THE",651
"Collection Management Holdings, LLC",649
"Southwest Credit Systems, L.P.",624
BTH Management,604
"NRA Group, LLC",596
"Security Credit Services, LLC",594
"Coinbase, Inc.",585
"The CBE Group, Inc.",562
Source Receivables Management LLC,556
"Eastern Account Systems of Connecticut, Inc.",549
"ONLINE Information Services, Inc.",544
Atlanticus Services Corporation,544
FIFTH THIRD FINANCIAL CORPORATION,534
World Acceptance Corporation,533
BMO BANK NATIONAL ASSOCIATION,530
"Lockhart, Morris & Montgomery Inc.",515
"Westlake Services, LLC",515
"CAVALRY INVESTMENTS, LLC",510
"Capio Partners, LLC",499
"Waypoint Resource Group, LLC",494
FinCo Services Inc DBA Current,483
Klarna AB,480
Rent Recovery Solutions,470
"UPGRADE, INC.",465
"Aargon Agency, Inc.",456
"Bilt Technologies, Inc.",450
Possible Financial Inc,435
Absolute Resolutions Corp.,426
REGIONS FINANCIAL CORPORATION,411
"Exeter Finance, LLC.",411
Credit Corp Solutions Inc.,410
"RentDebt Automated Collections, LLC",407
"Credit Karma, LLC",402
TekCollect Inc.,396
"Fidelity National Information Services, Inc. (FNIS)",388
"Credit Systems International, Inc.",388
LJ Ross Associates,382
"Halsted Financial Services, LLC.",382
"Bounce AI, Inc.",372
"Bull City Financial Solutions, Inc",366
CREDIT ACCEPTANCE CORPORATION,351
"Nelnet, Inc.",339
KEYCORP,337
"Debt Recovery Solutions, LLC",324
"Upstart Holdings, Inc.",324
Monterey Financial Services LLC,309
"Continental Finance Company, LLC",309
"Avant Holding Company, Inc.",291
M&T BANK CORPORATION,288
"WESTERN UNION COMPANY, THE",284
"Diversified Adjustment Service, Inc.",283
CONTRACT CALLERS INC,277
The Receivable Management Services LLC,275
"PINNACLE FINANCIAL PARTNERS, INC.",275
Zions Debt Holdings,273
"ENOVA INTERNATIONAL, INC.",272
"ACIMA CREDIT, LLC",261
Bridgecrest Acceptance Corporation,260
TransferWise Ltd,260
"Medical Data Systems, Inc.",252
Army and Air Force Exchange Service,248
Synergetic Communication Inc,244
TOYOTA MOTOR CREDIT CORPORATION,239
MORGAN STANLEY & CO. LLC,236
Comerica,236
First Credit Services Inc.,234
"Professional Debt Mediation, Inc.",233
"MRS BPO, LLC",232
MoneyLion Inc.,231
"Continental Services Group, Inc. d/b/a ConServe",225
FIRST NATIONAL BANK OF OMAHA,223
Penn Credit Corporation,223
"General Motors Financial Company, Inc.",221
Winklevoss Exchange LLC,220
"The Bureaus, Inc.",220
"United Collection Bureau, Inc.",218
"Optio Solutions, LLC",217
PENTAGON FEDERAL CREDIT UNION,214
MOHELA,213
United Revenue Corporation,207
"W&A Intermediate Co., LLC",203
InDebted Corporation,202
Netspend Corporation,199
Global Lending Services LLC,197
HSBC NORTH AMERICA HOLDINGS INC.,194
EdFinancial Services,192
SECURITY FINANCE CORP,190
"Amsher Collection Services, Inc.",189
Sezzle Inc.,188
Professional Recovery Management,185
"Colony Brands, Inc.",184
Consumer Adjustment Company Incorporated,183
FISERV FINXACT CORE,183
"Oliphant United, Inc.",178
STATE EMPLOYEES CREDIT UNION,175
CNG FINANCIAL CORPORATION,172
"CHARLES SCHWAB CORPORATION, THE",171
FirstPoint Collection Resources,170
Westcreek Financial,168
"January Technologies, Inc",168
OPORTUN FINANCIAL CORPORATION,166
"Maximus Federal Services, Inc.",166
Velocity Portfolio Group,162
Unifin Inc.,162
"Cedars Business Services, LLC",160
FIRST PORTFOLIO SERVICING INC,158
"Opportunity Financial, LLC",157
Lendmark Financial Services,157
TClub Inc,157
"Leafy Financial, LLC",157
"Remitly, Inc.",155
"Kimball, Tirey & St. John LLP",154
"Summit A*R, Inc.",151
"American Credit Acceptance, LLC",150
HYUNDAI CAPITAL AMERICA,150
"MARINER FINANCE, LLC",143
"WEBSTER BANK, NATIONAL ASSOCIATION",141
"Shepherd Outsourcing, LLC",140
"Nationwide Capital Services, LLC",138
"Firstsource Business Process Services, LLC",137
SUNCOAST CREDIT UNION,136
"Consumer Portfolio Services, Inc.",136
"Paramount GR Holdings, LLC",134
"Revco Management, LLC",134
"Synerprise Consulting Services, Inc.",133
"Sunbit, Inc.",129
"Williams & Fudge, Inc",128
"Williams, Rush & Associates, LLC",126
"Property Receivables, Corp",126
Diverse Funding Associates LLC,125
Meta Payments Inc.,125
Thaxton Investment Corporation,122
"OPTUM BANK, INC.",122
Credit Fresh Holdings Inc,119
FIRST TECHNOLOGY FEDERAL CREDIT UNION,118
MONEYGRAM PAYMENT SYSTEMS WORLDWIDE INC,117
"Skrill USA, Inc.",116
Payward Ventures Inc. dba Kraken,114
BOEING EMPLOYEES' CREDIT UNION,113
"Ava Finance, Inc",111
CCF Intermediate Holdings LLC,110
VYSTAR CREDIT UNION,108
"Relay Financial (US), Corp.",106
"Sentry Recovery and Collections, Inc.",103
"Reliant Capital Solutions, LLC",102
"AXOS FINANCIAL, INC.",100
"Southwest Recovery Services, Inc.",100
AmeriCollect,100
"FIRST CITIZENS BANCSHARES, INC.",99
NEW YORK COMMUNITY BANCORP INC,98
Regional Management Corporation,98
NISSAN MOTOR ACCEPTANCE COMPANY LLC,97
Kovo,95
Rausch Sturm LLP,94
ZWICKER & ASSOCIATES,94
CCM Finance LLC,94
FIRST HORIZON BANK,94
Starmark Financial LLC,93
"Helvey & Associates, Inc., Warsaw, IN Branch",93
"Carter-Young, Inc.",92
Southern Management Systems Inc.,92
"First Federal Credit Control, Inc.",92
"Dave Operating, LLC",90
Marauder Corporation,90
"CarMax, Inc.",90
Concord Servicing Corporation,90
SG and Associates,90
1st Franklin Financial Corporation,88
"Shellpoint Partners, LLC",86
"GOLDEN 1 CREDIT UNION, THE",85
Revolut Technologies Inc.,85
"Valor Intelligent Processing, LLC",85
SinglePoint GI,84
SLM CORPORATION,83
RANDOLPH-BROOKS FEDERAL CREDIT UNION,82
Credit Service International Corp,82
"EGL US, LLC",82
ALLIANT CREDIT UNION,81
"Kinum, Inc., Indianapolis, IN Branch",81
"Trident Asset Management, L.L.C.",81
"Foris DAX, Inc.",81
Google Compare Credit Cards Inc.,78
MOUNTAIN AMERICA FEDERAL CREDIT UNION,78
"ResidentCollect, Inc.",77
"Tower Loan of Mississippi, Inc.",76
"AR Resources, Inc.",76
CHERRY TECHNOLOGIES INC.,76
"RFNA, LP",76
"Branch Messenger, Inc.",75
"Imprint Payments, Inc.",74
"Monarch Recovery Holdings, Inc.",73
"Client Services, Inc.",73
American Coradius International LLC,73
ZIONS BANCORPORATION,73
"Merchants & Medical Adjustment Bureau, Inc. dba Credit Bureau Associates",73
Bonneville Billing and Collections,72
"Sparrow Financial, Inc.",72
"Rozlin Financial Group, Inc.",72
"Mandarich Law Group, LLP",71
Albert Corporation,71
"Goal Structured Solutions, LLC",70
The Phoenix Recovery Group,70
"F.H. Cann & Associates, Inc.",69
Solar Mosaic LLC,69
Central Research Inc,69
"Crown Asset Management, LLC, Duluth, GA Branch",68
"RS Clark and Associates, Inc.",68
FORD MOTOR CREDIT CO.,67
"Weltman, Weinberg & Reis Co., L.P.A.",66
USCB Corporation,66
Kingston Data & Credit International Inc.,66
Mercury Financial Intermediate LLC,65
"CULLEN/FROST BANKERS, INC.",65
"Meridian Financial Services, Inc.",64
FC HoldCo LLC,64
United PanAm Financial Corp.,63
AMERICAN HONDA FINANCE CORP,63
"Associated Credit Services, Inc.",63
"Receivables Management Partners, LLC",62
"Credit Central Holdings, LLC",62
"Mercury Technologies, Inc.",62
SCHOOLSFIRST FEDERAL CREDIT UNION,62
Alorica Inc.,61
"Law Office of Michael J. Scott, PC",61
"Collection Bureau of the Hudson Valley, Inc.",60
Debt Co LLC,60
SUN LOAN COMPANY INC.,60
Vericheck,59
"Gurstel Law Firm, P.C.",59
"Capital Management Services, LP",58
"Marlette Funding, LLC",58
"Lloyd & McDaniel, PLC",58
Harley Davidson Financial Services Inc,57
Exto Inc.,56
BANCO POPULAR DE PUERTO RICO,56
"American Profit Recovery, Inc., Marlborough, MA Branch",56
"Pressler & Pressler, LLP",55
Collection Bureau of America Ltd.,55
Mercedes Benz Financial Services,55
"Herbert P. Sears Co., Inc.",55
Hillcrest Davidson & Associates,55
"Blitt and Gaines, P.C.",54
"Omega RMS, LLC",54
"McCarthy, Burgess & Wolff, Inc.",53
COMMERCE BANK,53
HEARTLAND PAYMENT SYSTEMS INC,53
"The Outsource Group, Inc",53
Torriere Holdings INC,52
Creditors Bureau Associates,52
"GLA Collection Company, Inc.",51
AMERICA FIRST FEDERAL CREDIT UNION,51
Frost-Arnett Company,51
AVANTE,51
UMB FINANCIAL CORPORATION,51
"Jim Bottin Enterprises, Inc",50
"Perpay, Inc.",50
"Seattle Service Bureau, Inc",50
ASSOCIATED BANC-CORP,50
Prince Parker & Associates,49
Healthcare Finance Direct LLC.,49
"Prosper Marketplace, Inc.",49
"Second Alliance, Inc.",48
"P&B Capital Group, LLC",48
"Applied Data Finance, LLC",48
"Adler Wallach & Associates, Inc.",48
"Alliance One, Inc.",48
VW Credit,48
"SIMM Associates, Inc.",48
"Mobiloans, LLC",48
"BMW Financial Services NA, LLC",48
AFNI INC.,48
"Rocket Mortgage, LLC",47
"A & O Recovery Solutions, LLC",47
"SMITH, ROUCHON & ASSOCIATES, INC.",47
Climb Credit Inc.,47
HANCOCK WHITNEY BANK,46
"Rubin & Rothman, LLC",46
"Ray Klein, Inc.",46
Consumer Collection Management. Inc,46
2288984 Ontario Inc.,45
Zip Co US Inc.,45
ADP Inc.,45
"American First Finance, Inc.",45
"National Collection Systems, Inc.",44
"National Enterprise Systems, Inc.",44
"EVERBANK, NATIONAL ASSOCIATION",44
"Tenaglia & Hunt, PA",44
"Merchants and Medical Credit Corporation, Inc.",44
Conduent Incorporated,43
"The Stark Collection Agency, Inc.",43
DigniFi,43
"ARVEST BANK GROUP, INC.",43
Patient Accounting Service Center,43
"Franklin Collection Service, Inc.",43
Linebarger Goggan Blair & Sampson LLP,43
PREFERRED CREDIT INC,43
Atlantic Recovery Solutions LLC,42
"Northstar Location Services, LLC",42
"Asset Recovery Solutions, LLC",42
"PENNYMAC LOAN SERVICES, LLC.",42
"Business Processing Solutions, LLC",42
Johnson Mark LLC,42
"KLS Financial Services, Inc",42
R & B Corporation of Virginia,41
Acorns Grow Incorporated,41
OLD NATIONAL BANCORP,41
"Io, Inc.",41
"S & S Recovery, Inc.",40
"Aqua Finance, Inc.",40
Credit Card Acquisitions Group,40
World Omni Financial Corp.,40
"Stenger & Stenger, P.C",39
"Harpeth Financial Services, LLC",39
ENRAMEX INC,39
"Americas Car-Mart, Inc.",39
"Collection Receivables, Inc.",39
"JDJ Investments, INC.",38
"FEDChex Recovery, LLC",38
Nelson Cruz & Associates LLC,38
"Absolute Recovery Services, LLC",38
WorldRemit Corp.,38
Viking Client Services,38
TapTap Send Inc.,38
"Complete Credit Solutions, Inc.",37
FourLeaf Federal Credit Union,37
"Professional Finance Company, Inc.",37
ADIR INTERNATIONAL LLC,37
Medical-Commercial Audit Inc,37
"International Computer Systems, Inc.",36
Forest Recovery Services LLC,36
"Deinde Online Services, LLC",36
Stellantis Financial Services US Corp.,36
CAC Financial Corp,36
"Credit Collections U.S.A., L.L.C.",36
Commercial Acceptance Company,35
Telerecovery Corporation,35
We Collect Inc,35
Alliant Capital Management LLC,34
"Byrider Franchising, LLC",34
"COLUMBIA BANKING SYSTEM, INC.",34
FREEDOM FINANCIAL NETWORK,34
"Media Collections, Inc",34
"Transfinancial Companies, Inc",34
AMERIS BANCORP,33
"Veros Credit, LLC",33
"Key 2 Recovery, Inc.",33
"Harvard Collections, LLC",33
"M.A.R.S., Inc.",33
CADENCE BANK,33
"Sunset Management, Inc",32
Financial Credit Network Inc,32
Clark County Collection Service,32
Premier Account Management,32
SOUTHSTATE BANK CORPORATION,32
Messerli & Kramer P.A.,31
eCon Credit LP,31
"Steel River Systems, LLC",31
"BILL.COM, LLC",31
Hunt & Henriques,31
VALLEY NATIONAL BANCORP,31
Larry H. Miller Group of Companies,31
"Law Office of Brett M. Borland, P.C.",31
Essential Lending Inc,31
"M. G. Credit, Inc.",31
LEXISNEXIS,31
Freedom Mortgage Company,30
"Ria Envia, LLC",30
"Ideal Collection Services, Inc.",30
"Cascade Capital, LLC",30
WLCC,30
"TEXAS CAPITAL BANCSHARES, INC.",30
"Populus Financial Group, Inc. (F/K/A Ace Cash Express)",30
"Navient Solutions, LLC.",30
FULTON FINANCIAL CORPORATION,30
Fig Tech Inc.,30
"The Best Service Co.,Inc",30
"Tilt Finance, Inc.",29
"Financial Recovery Services, Inc.",29
"BANK OF NEW YORK MELLON CORPORATION, THE",29
"DRB-40, LLC",29
"First National Collection Bureau, Inc.",29
CNG HOLDINGS INC,29
"Credit Bureau Systems, Inc., Paducah, KY Branch",29
"Palmar, Inc.",29
BAM Management US Holdings Inc.,29
"Servicing Solutions, LLC",29
"First Financial Resources, Inc.",28
"Midwest Fidelity Services, LLC",28
"Express Recovery Services, Inc.",28
MIDFIRST BANK,28
Top Line Collectors LLC,28
"Jon Barry and Associates, Inc.",28
WSFS FINANCIAL CORPORATION,27
TRUSTMARK CORPORATION,27
"Finance System of Richmond, Inc.",27
Rosebud Economic Development Corporation,27
"Collection Professionals, Inc.",27
"FMA Alliance, Ltd.",27
"Mercari, Inc.",27
"Mountain Land Collections, Inc.",27
Credit Bureau Services Association,27
"CBC Companies, Inc.",27
"Merchants Adjustment Service, Inc.",26
"Nationwide Credit & Collection, Inc.",26
"State Collection Service, Inc.",26
OKX INC.,26
MECHANICS BANK,26
"SCA Collections, Inc.",26
GLOBAL CREDIT UNION,26
EAST WEST BANK,26
"Phillips & Cohen Associates, Ltd.",26
"LoanCare, LLC",26
SAN DIEGO COUNTY CREDIT UNION,26
Grant Mercantile Agency,26
MIDWEST RECEIVABLE SOLUTIONS LLC,25
Credit Service Company,25
"Advanced Collection Bureau, Inc.",25
Grant & Weber,25
"Collection Bureau of Fort Walton Beach, Inc",25
AUTOMOTIVE CREDIT CORPORATION,25
"ECMC GROUP, INC.",25
"Mid-South Adjustment Co., Inc.",25
YSA ARM LLC DBA Oxygen XL,25
"Javitch, Block & Rathbone LLC",24
"Accscient, LLC",24
"U.S. Collections West, Inc.",24
"Flexible Finance, Inc.",24
"Klima, Peters & Daly, P.A.",24
"DailyPay, Inc",24
Novo Platform Inc.,24
Newport Intermediate Inc.,24
Western-Shamrock Corporation,24
IQOR US INC,24
SECURITY SERVICE FEDERAL CREDIT UNION,24
"Professional Credit Management, Inc",24
"Federal Adjustment Bureau, Inc.",24
"Majority USA, LLC",23
"Eastern Revenue, Inc.",23
"Roosen, Varchetti & Olivier, PLLC",23
"Mid-Atlantic Finance Co., Inc.",23
"Torres Credit Services, Inc.",23
FDR Asset USA LTD,23
"ShoulderTap Technologies, Inc. d/b/a Fizz",23
Nationwide Credit Corporation,23
Global Tel*Link Corporation,23
"United Accounts, Inc.",23
Financial Accounts Service Team Inc.,23
"GREENSKY OPERATIONS, LLC",23
Receivables Management Corporation,23
"ATG Credit, LLC",23
"J J Marshall & Associates, Inc",23
"Nelson and Kennard, LLP",23
"SELECT PORTFOLIO SERVICING, INC.",23
ALCHRO INC.,23
VELO LAW OFFICE,22
FIRSTBANK PUERTO RICO,22
"PROSPERITY BANCSHARES, INC.",22
"COLLECTECH DIVERSIFIED, INC.",22
"PatientFi, Inc.",22
"National Recovery Solutions, LLC",22
"Express Collections, Inc.",22
BANK OZK,22
"Roadrunner Account Services, LLC",22
"ARS National Services, Inc.",22
"Advance America, Cash Advance Centers, Inc.",22
Kashable LLC,22
LOBEL FINANCIAL CORPORATION,22
LendingPoint Holdings LLC,22
CURO Intermediate Holdings,22
Yamaha Motor Finance Corporation USA,21
"Strategic Alliances, Inc.",21
IDAHO CENTRAL CREDIT UNION,21
Mutual Management Services LLC,21
The Moore Law Group,21
"Financial Management Solutions, LLC",21
"Capstone Credit & Collection, LLC.",21
Retail Merchants Associates,21
"Capital Accounts, LLC",21
"CashRepublic Holdings, Inc.",21
"CreditNinja Lending, LLC",21
"FIRST INTERSTATE BANCSYSTEM, INC.",21
FIRST NATIONAL BANK OF PENNSYLVANIA,21
Hollis Cobb Associates,20
"Central States Recovery, Inc.",20
"COAST PROFESSIONAL, INC.",20
"Selip & Stylianou, LLP",20
"Collections Acquisition Company, Inc.",20
"Glasser and Glasser, PLC",20
"B9, Inc.",20
BEACON FINANCIAL CORPORATION,20
Rosenberg & Associates Recovery Services,20
BOK FINANCIAL CORP,20
"Atlantic Union Bankshares, Inc.",20
FIRSTBANK,20
"Madison Auto, LLC",20
TomoCredit Inc.,20
Metro Collection Service Inc.,20
"Axela Technologies, Inc",20
Denefits LLC,20
Synovus Bank,20
Collection Attorneys USA LLC,20
"Receivable Management Group, Inc. (GA)",19
Holloway Credit Solutions,19
Great American Finance Co,19
"RMS-Recovery Management Services, Inc.",19
RENASANT CORPORATION,19
"Apelles, LLC",19
"FIRST HAWAIIAN, INC.",19
"Suttell, Hammer & White, P.S",19
Sunlight Financial LLC,19
BANK OF HAWAII CORPORATION,19
"BC SERVICES, INC.",19
Sequoia Financial Services,19
SIMMONS FIRST NATIONAL CORPORATION,19
"Credit Systems of the Fox Valley, Inc.",19
"Cornerstone Holdings, Inc.",19
"Investment Retrievers, Inc.",18
AES/PHEAA,18
"CMRE Financial Services, Inc.",18
Kohn Law Firm S.C.,18
Scott Fetzer Financial Group Inc.,18
"Bitstamp USA, Inc.",18
Ocwen Financial Corporation,18
"Grand Canyon Title, Agency, Inc.",18
"Fairway Capital Recovery, LLC",18
National Business Factors,18
Southern Auto Finance Co,18
NORTHWEST BANCSHARES INC,18
NATIONAL DEBT RELIEF LLC,18
Chime Inc.,18
CORELOGIC INC,18
"COLLECTIONS USA, INC.",18
"Tennessee Credit Management, Inc",18
Recuvery LLC,18
"Automated Collection Services, Inc.",18
"Zendable, Inc.",18
Reel Time Capital LLC,18
NBT BANCORP INC.,17
Professional Collectors Corp.,17
"Trustly, Inc.",17
HF Holdings,17
"Eagle Financial Services, Inc.",17
eToro USA LLC,17
Modern Adjustment Bureau,17
"Skopos Financial, LLC",17
MiraMed Revenue Group LLC,17
"RSI Enterprises, Inc.",17
"MST Financial Services, L.L.C.",17
Selene Holdings LLC,17
"Law Offices of Hayt, Hayt & Landau, LLC",17
"USCB, Inc.",17
"Pollack & Rosen, P.A.",17
"Blockchain.com, Inc.",17
"Bridge IT, Inc.",17
"Main Street Holdings, Inc.",16
FIRST MERCHANTS CORPORATION,16
"Cascade CISS Holdings, LLC",16
"UNITED BANKSHARES, INC.",16
Payfare International Inc.,16
"Green & Sons Agency, Inc.",16
"ALEXANDER-ROSE ASSOC, INC.",16
"Kansas Counselors, Inc.",16
CapitalJ Inc. dba Juno,16
"CARRINGTON MORTGAGE SERVICES, LLC",16
"Stillman, P.C. d.b.a. Stillman Law Office",16
"Tromberg, Miller, Morris & Partners, PLLC",16
"Credit Service Company, INC",16
Fidem Baltimore Holdings LLC,16
Incomm Holdings Inc.,16
"4M Collections, LLC",16
TOLEDO FINANCE CORPORATION,16
"Remex, Inc.",16
"Wilber and Associates, P.C.",15
"CHECKredi of Kentucky, LLC",15
Financial Assistance Inc,15
"PINNACLE RECOVERY, INC.",15
"All State Credit Bureau, Inc.",15
"Hayt Hayt & Landau, P.L. (FL)",15
"Open Dealer Exchange, LLC",15
Cars America Inc.,15
Account Resolution Corporation,15
"Arbor Professional Solutions, Inc.",15
"Andreu, Palma & Andreu, PL",15
FIRST FINANCIAL BANCORP,15
Mediation Recovery Center,15
FIRST COMMONWEALTH FINANCIAL CORPORATION,15
Eaton Group Attorneys LLC,15
"Elevate Recoveries, LLC",15
"N.A.R., Inc.",15
"BALANCED HEALTHCARE RECEIVABLES, LLC",15
"National Healthcare Collections, LLC",15
"NPAS, Inc.",15
"Simon's Agency, Inc.",15
"Happy Money, Inc.",15
DOLLAR MUTUAL BANCORP,15
Credit Recovery Systems LLC,15
Schreiber Law LLC,15
North American Credit Services,15
Law Offices of Timothy M. Sullivan,15
"COMMUNITY FINANCIAL SYSTEM, INC.",14
"Brian McCaffrey, Attorney At Law",14
OFG BANCORP,14
CIG FINANCIAL LLC,14
Louisiana Recovery Services Inc.,14
CATHAY BANK,14
"Collection Professionals, Inc. (Macomb, IL)",14
"Auto Now Financial Services, Inc., Phoenix, AZ Branch",14
"Augusta Collection Agency, Inc.",14
"D&A Services, LLC",14
"National Commercial Services, Inc",14
"HOPE BANCORP, INC.",14
WAFD BANK,14
"GFS II, LLC",14
Wolf River Development Company,14
LAKE MICHIGAN CREDIT UNION,14
IPAC'S Inc.,14
"Credit Counsel, Inc.",14
"Orions Management Group, LLC",14
UNIVERSAL ACCEPTANCE CORPORATION (NE),14
"Convergent Resources, Inc.",14
GREENSTATE CREDIT UNION,14
Global Trust Management LLC,13
"Alliance Collection Agencies, Inc.",13
Lien Enforcement Inc,13
United Credit and Collections Inc.,13
Action Collection Service,13
"CENTRAL BANCOMPANY, INC",13
Patenaude & Felix A Professional Corporation,13
Tate and Kirlin Assoc,13
"Auto Credit Corporation of Jonesboro, iNC.",13
Recovery Management Solutions LLC,13
"A.R.M. Solutions, Inc.",13
Collection Service of Nevada,13
HCFS Healthcare Financial Services of TeamHealth,13
"Total Card, Inc.",13
RockLoans Holdings LLC,13
"HOVG, LLC",13
"DLF Law Group, LLC",13
"Round Up Ventures, L.P.",13
"Debt Collectors International, Inc.",13
"States Recovery Systems, Inc.",13
"Ratchford Law Group, P.C.",13
Professional Collection Service Inc (GA),13
"Kelsting Group, Inc.",13
"Capital Mitigation Services, LLC",13
Credit International Corporation,13
"College Foundation, Inc.",13
"Brock & Scott, PLLC",13
Fidelity Properties Inc.,13
HoldCo LLC,12
D2 Management LLC,12
"Bepensa Capital, Inc.",12
"National Debt Holdings, LLC",12
"Independence Capital Recovery, LLC",12
"HEAD MERCANTILE CO., INC.",12
Arcon Credit Solutions LLC,12
Armada Corp.,12
"Merchants Credit Bureau, Inc.",12
The Aligned Company DBA Extra,12
"RSH & Associates, LLC",12
Sarma,12
"Braviant Holdings, LLC",12
"Loan South Finance & Tax Service of Troy, LLC",12
"Levy & Associates, LLC",12
Glacier Bancorp Inc.,12
U.S. Auto Credit Corporation,12
"Carvana Group, LLC",12
Omnipoint Capital,12
Schukei Chevrolet Volkswagen,12
Capital Collection Management LLC,12
Kora Financial,12
LCS FINANCIAL SERVICES CORPORATION,12
Orion Capital Solutions LLC,12
"Admin Recovery, LLC",12
Activehours,12
"GULF COAST COLLECTION BUREAU, INC.",12
Asset Recovery Bureau LLC,12
"Specialized Collection Systems, Inc.",12
"Tesla, Inc.",12
"AMCOL Systems, Inc.",11
"Palm Beach Credit Adjustors, Inc",11
"PLS GROUP, INC",11
"Genesys National Recovery, Inc.",11
"Weber & Olcese, PLC",11
"Galaxy Capital Acquisitions, LLC",11
INDEPENDENT BANK CORP.,11
"Real Time Group, Inc.",11
"LD Holdings Group, LLC",11
"Cash Time Title Loans, Inc.",11
"GB Collects, LLC",11
"Unisa, Inc",11
"Credits, Incorporated",11
SEACOAST BANKING CORPORATION OF FLORIDA,11
Transform Credit Inc.,11
Merchants' Credit Guide Company,11
"McNeil & Meyers Asset Management Group, LLC",11
"Med-1 Solutions, LLC",11
"Universal Account Servicing, LLC",11
"United Shore Financial Services, LLC",11
Texas Guaranteed,11
Time Investment Corporation,11
SECURITY CREDIT SYSTEMS INC,11
"Data and Contact Management Solutions, LLC",11
Faloni Law Group,11
"Figure Technologies, Inc",11
"Lyons, Doughty & Veldhuis, PC",11
"Designed Receivable Solutions, Inc.",11
"DSR HOLDINGS GROUP, LLC",11
"Coast to Coast Financial Solutions, Inc.",11
"Berman & Rabin, P.A.",11
Future Judgement Solutions,11
Fuel Capital Group,11
Betterment LLC,11
"TriVerity, Inc.",11
"STATE BANKSHARES, INC.",10
AAA Collections,10
GLOBAL SOLUTION BIZ LLC.,10
"Kornerstone Credit,  LLC.",10
Collection Bureau of Walla Walla,10
"SF VAGO, LLC",10
Prime Recovery LLC,10
"Action Collection Agencies, Inc.",10
"Adelante, Inc",10
"INTERNAL CREDIT SYSTEMS, INC",10
"Bilateral Credit Corp, LLC",10
"Bliksum, LLC",10
"OUT TECH, INC.",10
Green Square Company LLC.,10
Global Credit & Collection Corporation,10
"Brown and Joseph, Ltd",10
"Live Oak Financial, Inc",10
"Voss & Klein, LLC",10
"Cawley & Bergmann, LLP",10
RevNow LLC,10
"Credit Bureau of the South, Inc.",10
"PLANET HOME LENDING, LLC",10
"Advanced Recovery Systems, Inc.",10
Airtm Inc.,10
C/C Financial,10
"Consumer Financial Services Solutions, Inc.",10
"R.A.Rogers, Inc.",10
"R.M. Galicia, Inc.",10
"Love, Beal & Nixon, P.C.",10
Triton Recovery Group,10
"Alliance CAS, LLC",10
Longhorn Asset Management LLC,10
"Aldridge PIte Haan, LLP",10
"National Finance Company, Inc.",10
"Greeting Team, LLC DBA Customer Care Global",10
BANNER CORPORATION,10
"The Leviton Law Firm, Ltd.",10
Mnet Financial Inc,10
Driveway Finance Corporation,10
Merchants Acceptance Corp,10
"McCalla Raymer Leibert Pierce, LLC",10
Wave Financial USA Inc.,10
"Hatfield, Inc.",9
Ceannate,9
"TIDEWATER FINANCE COMPANY, INC.",9
"Elite Portfolio Management, LLC",9
Grow Credit Inc,9
Guglielmo and Associates,9
"Ascension Point Recovery Services, LLC",9
TFC Credit Corporation of California,9
"Autovest, L.L.C.",9
EASTERN BANKSHARES INC,9
Academy Mortgage Corporation,9
"Duvera Billing Services, LLC",9
BANCFIRST CORPORATION,9
"National Account Systems of Omaha, LLC",9
KBR INC DBA RASH CURTIS & ASSOCIATES,9
"Valley Collection Service, LLC",9
Abrahamsen Gindin LLC,9
"Certegy Holdings, LLC",9
"FIDELITY CAPITAL HOLDINGS, INC",9
Everest Receivable Services Inc.,9
"CREDIT WORLD SERVICES, INC.",9
QC HOLDINGS INC,9
Mr. Cooper Group Inc.,9
"Sa-Vit Enterprises, Inc.",9
"French Financial, Inc.",9
"Landmark Strategy Group, LLC",9
"Kramer & Frank, P.C.",9
Receivable Solutions LLC,9
"Community Health Investment Company, LLC.",9
"C.Tech Collections, Inc.",9
Pacific Retrieval LLC,9
"Greenlight Financial Technology, Inc",9
Business & Professional Collection Service Inc,9
"Law Offices of Robert J. Colclough, III",9
"Lewis, McDonnell & Associates",9
Credit One LLC,9
"Securus J Holdings, LLC",9
"North State Acceptance, LLC",9
American Recovery Service Incorporated,9
Western Management Consultants,9
"United Check Recovery Bureau, Inc.",9
"Arcadia Holdings, LLC",8
"Access Credit Management, Inc.",8
"Davis & Jones, LLC",8
"WESBANCO BANK, INC.",8
"R.T.R. Financial Services, Inc.",8
Apple Financing LLC,8
"FCC Finance, LLC",8
"Prog Holdings, Inc.",8
"The Law Offices of Jennifer McCoy, PC",8
Everi Payments Inc.,8
"Denali Capital Holdings, LLC",8
Mullooly Jeffrey Rooney & Flynn,8
Access Receivables of NC Inc.,8
"Arivo Acceptance, LLC",8
"Moss Law Firm, P.C.",8
Pacific Credit Exchange Corporation,8
"CDI Affiliated Services, Inc.",8
PCR Group,8
"Revenue Cycle Associates, Inc.",8
"Constar Financial Services, LLC",8
"eMoneyUSA Holdings, LLC",8
"WHEELS FINANCIAL GROUP, LLC.",8
"UNIFOUR FINANCIAL SERVICES, LLC",8
"CARS Acquisition, LLC",8
Allied Consulting Services LLC,8
"Revenue Enterprises, LLC",8
"LDF Holdings, LLC",8
"LIVE OAK BANCSHARES, INC.",8
"ULRS, Inc.",8
Lendbuzz Inc.,8
FRESNO CREDIT BUREAU,8
Fair Capital,8
"Fein, Such, Kahn & Shepard, P.C.",8
CONRAD CREDIT CORPORATION,8
"Nav Technologies, Inc.",8
BlueChip Financial,8
"COLLECTION ASSOCIATES, LTD.",8
"Sensible Auto Lending, LLC",8
"Schrier, Tolin and Wagman, LLC",8
Lincoln Educational Services Corporation,8
"Lentegrity Management, LLC",8
Credit Card Receivables Fund Incorporated,8
"Kingston Financial, LLC",8
UNITED COMMUNITY BANK,8
Rodenburg LLP,8
The J. G. Wentworth Company,8
21ST MORTGAGE CORP.,8
"CUSTOMERS BANCORP, INC",8
"Accredited Collection Service, Inc.",8
"IDT Telecom, Inc",8
Waterfall Revenue Group,8
"Recovery One, LLC",8
"Hauge Associates, Inc.",8
"Receivables Outsourcing, Inc.",8
TSC Accounts Receivable Solutions,8
HomeServices of Iowa,8
InvestiNet LLC,8
"Ingo Money, Inc.",8
"Talbot, Adams, & Moore, Inc.",8
"Wallace Management Company, LLC",7
"Debt Recovery Solutions of Ohio, Inc.",7
Ascent Holding Co,7
Garrison Investment Group,7
"APPLE FINANCIAL HOLDINGS, INC.",7
ALCAR INC.,7
Knight Adjustment Bureau,7
Renton Collections Inc.,7
"GUARDIAN CAPITAL MANAGEMENT HAWAII, LLC",7
"Commercial Trade, Inc.",7
"GF SunStrong Management Holdings, LLC",7
CARD Corporation,7
"P.S.C., Inc",7
Kubota North America Corporation,7
Advance Bureau of Collections,7
"UNIVERSAL COLLECTION SYSTEMS, INC",7
"PAID IN FULL, INC.",7
"Capstone Capital USA, LLC",7
"URS Holding, LLC",7
Couch Lambert LLC,7
"Porsche Financial Services, Inc.",7
Credee Corporation,7
"Reliable Credit Association, Inc.",7
Lincoln Financial Services,7
First Technology Federal Credit Union,7
"Global Asset Management Group, Inc.",7
"Saturn Systems, Inc",7
"Keynote Consulting, Inc.",7
"Applied Business Services, Inc.",7
"The Thomas Agency, Inc.",7
"FAST AND FAIR COLLECTION SOLUTIONS, LLC",7
"Stuart-Lippman and Associates, Inc",7
Guild Holdings Company,7
Reach Financial LLC,7
"VANDERBILT MORTGAGE & FINANCE, INC",7
Unity Asset Management,7
"Maury Cobb, Attorney at Law, LLC",7
"Zap Solutions, Inc.",7
TOWNEBANK,7
"AA Recovery Solutions, Inc.",7
CARVANT FINANCIAL LLC,7
Huntington Debt Holding LLC,7
QUALITY ACCEPTANCE LLC,7
"Synter Resource Group, LLC.",7
TENET HEALTHCARE CORPORATION,7
Abra,7
DriveTime,7
"Midwest Service Bureau, Inc.",7
WESTERN ALLIANCE BANCORPORATION,7
Hanwha QCells USA Corp,7
Lien Receivables LLC,7
Viva Finance Inc.,7
Lela Mae Portfolio Management Group,7
"Jacob Law Group, PLLC",7
OCEANFIRST FINANCIAL CORP.,7
CrossCountry Mortgage LLC,7
"ORG GC GP BUYER, LLC",7
"Todd, Bremer & Lawson, Inc.",7
"Southern Financial Systems, Inc.",7
"Gordon, Aylworth & Tami, P.C.",7
"Greenberg, Grant & Richards Inc.",7
EA Holdings Corp.,6
"International Debt Buying Consultants, LLC",6
Audit & Adjustment Co. Inc.,6
"Auto Trakk, LLC",6
McKenzie Paul & Associates,6
"Auto Advantage Finance, LLC",6
"NEW WORLD COLLECTIONS, INC.",6
NCSPLUS INCORPORATED,6
"American Credit Bureau, Inc.",6
Statewide Credit Services Corp.,6
"Andrews & Cox, P.C.",6
"Jonathan Neil & Associates, Inc",6
"Accelerated Portfolio, Inc.",6
Quality Asset Recovery LLC,6
Cactus Jacks Auto Sales,6
"Armstrong and Associates, Inc",6
"Main Line Recovery Solutions, Inc.",6
"Malen & Associates, p.c.",6
"RICHLAND HOLDINGS, INC.",6
RC Willey,6
Management Location Services Inc.,6
Chainlink Services LLC,6
"Momnt Technologies, Inc.",6
"Ridge & Valley Realty, Inc.",6
BANKERS HEALTHCARE GROUP LLC,6
"National Consumer Telecom & Utilities Exchange, Inc.",6
"RAS LaVrar, LLC",6
Statebridge Company,6
M1 Holdings Inc.,6
"MILLENNIUM FINANCIAL GROUP, L.L.C.",6
"VIRTUOSO SOURCING GROUP, LLC.",6
DCN Holdings Inc.,6
Ameritan Group Services,6
Smith Debnam Narron Drake Saintsing & Myers LLP,6
Servatus Corporation,6
KeyBridge Medical Revenue Management,6
Obligo Inc.,6
Crow Creek Sioux Tribe,6
"Credit Center, LLC",6
Jana Ferrell & Associates LLC,6
JUSTICE FINANCE COMPANY,6
First Credit Corporation,6
LendingUSA,6
"Buckles & Buckles, P.L.C.",6
Breit Investment,6
Bright Capital Inc,6
Goldcar Lending Inc.,6
"Fay Servicing, LLC",6
Loqbox US Inc,6
"Coast 2 Coast Financial Group, LLC",6
Turning Point Solutions LLC,6
UBS BANK USA,6
"LendKey Technologies, Inc.",6
UNITED AUTO ACCEPTANCE,6
PLAID INC.,6
Pomelo Technology US Inc,6
Carmichael & Frost LLC,6
Opportunity Fund,6
LANIER COLLECTIONS AGENCY AND SERVICES INC,6
"Consuegra & Duffy, P.L.L.C.",6
"CHACON AUTOS, LTD.",6
"GFS, Inc.",6
SOP Pioneer Partners LP,6
"CB1, Inc.",6
Post Lake Lending Inc.,6
"Collection Service, Inc.",6
"Coinme Holdings, Inc.",6
Premier Auto Credit,6
ACCOUNTS ADVOCATE AGENCY,6
"AAS Debt Recovery, Inc.",6
AE Tradings Inc,5
ZuntaFi Corp,5
"Zarzaur and Schwartz, PC",5
Reliant Financial Corporation,5
Independent Savings Plan Co.,5
Hughes Finance,5
"Home Loan Center, Inc.",5
Home Credit Corp. Inc.,5
"Wxw Investments, LLC",5
208 Capital Holdings LLC,5
"iQuantified Management Services, LLC",5
Gatestone & Co. International Inc.,5
"United Resource Systems, Inc",5
"Adela, Inc",5
"Receivable Collection Services, LLC",5
"GMA Investments, LLC",5
LCI Acquisition Inc.,5
"LAKEVIEW LOAN SERVICING, LLC",5
L.B.Gray LLC A Debt Collection Agency,5
"Kovitz Shifrin Nesbit, A Professional Corporation",5
Advantage Financial Service LLC (Idaho),5
"Freeway Funding, Inc.",5
"UHG, LLC",5
"Law Offices of Robert A. Schuerger Co., LPA",5
"Line 5, LLC",5
"Lugano Capital, Inc. d/b/a Start Auto Finance",5
"American Collection Services, Inc. (OK, TX)",5
AmeriCash Holding LLC,5
"Americor Funding, LLC",5
Quick Debt Services LLC,5
"Apoyo Financiero, Inc.",5
"Esusu, Inc.",5
"MSCB, Inc.",5
FIRST ADVANTAGE CORPORATION,5
"Account Managers, Inc.",5
Groundfloor Finance Inc.,5
Elite Recovery Group LLC,5
Texan Credit Corporation,5
"Association Capital Resources, LLC",5
"Mary Jane M. Elliott, P.C. Attorneys At Law",5
"MarkOne Holdings, LLC",5
Marcadis Singer PA,5
McKenzie Management LLC,5
B&B Hold Corp.,5
"Dynamic Collectors, Incorporated",5
TTM GLOBAL ENTERPRISES LLC,5
"Cannon Finance, Inc.",5
River Financial Inc.,5
DreamSpring,5
Midwest Acceptance Corp.,5
MoneySpot USA LLC DBA Sunshine Loans,5
"Modlin Slinsky, P.A.",5
"Durrett Motor Company, Inc.",5
"HOME BANCSHARES, INC.",5
"Debois, Inc.",5
"Data Search NY, Inc.",5
"BDF Partners, PC",5
"Diaz & Associates, Inc.",5
"Nathan & Nathan, P.C.",5
NEW CITY FUNDING CORP.,5
CREDICO. INC,5
"Smith Carroad Wan & Parikh, P.C.",5
"Benuck & Rainey, Inc.",5
"Shermeta Law Group, PLLC",5
RoundPoint Mortgage Servicing LLC,5
Nexum Group Inc,5
"Net Pay Advance, Inc.",5
Blackhawk Network Holdings Inc.,5
"Credit Sesame, Inc.",5
Brown’s New Credit Bureau Inc.,5
"Volvo Car Financial Services U.S., LLC",5
Abbott Osborn Jacobs PLC,5
"JSZ Financial Co., Inc.",5
PERDUE BRANDON FIELDER COLLINS & MOTT LLP,5
"PACIFIC PREMIER BANCORP, INC.",5
Credit Bureau of Northern California Collections Services Inc,5
Credit Bureau Services of Iowa Inc.,5
"CAROLINA FINANCE, LLC",5
"PROVIDENT FINANCIAL SERVICES, INC.",5
"Consolidated Auto Sales, Inc.",5
Columbia Collectors Inc,5
SHABANA MOTORS,5
SET Financial Corporation,5
Paysend US LLC,5
Paylaterr Inc,5
"Collection Management Services, Inc.",5
CITY NATIONAL BANK,5
Red River Credit Corporation,5
Hawk Inc,5
"Gold Star Finance, Inc.",4
"King of Credit Financial, Inc",4
"Risecredit, LLC",4
"GVA Holdings, LLC",4
"Snap Recovery, Inc.",4
"Affirmative Law, PC",4
"Resurgence Legal Group, PC",4
Sound Collection Services,4
"Action Credit, LLC",4
South Mississippi Collection Services Inc.,4
"Kass Shuler, P.A.",4
Southeast Investment Corp,4
"Results Unlimited, Inc.",4
Kentucky Higher Education Assistance Authority,4
"Medical Recovery Services, LLC",4
BROADVIEW MORTGAGE CORPORATION,4
"BQ & Associates, P.C., L.L.O.",4
"Certified Solutions, Inc",4
"Southern Credit Adjusters, Inc.",4
"Financial Freedom Group, LLC",4
Grey Inc,4
"Finkelstein, Kern, Steinberg & Cunningham, PC",4
Oklahoma Motor Credit Company,4
Giggle Finance Inc.,4
"Meade & Associates, Inc.",4
"Lanier Law Firm, LLC",4
Asset Complaint Solutions,4
"Recovery Solutions Group, LLC",4
Astra Business Services,4
Carma Enterprises Inc,4
Northbrook and Associates,4
"Eagle Accounts Group, Inc.",4
Checkbook Inc,4
Fundo LLC,4
Scott Kroner PLC,4
"Fresh Start Funding, LLC",4
"Money Services, Inc., d/b/a Texoma Finance",4
"Mirand Response Systems, Inc.",4
"Apple Law Group, Inc.",4
"AppFolio, Inc.",4
National Management Recovery Corp. (NMRC),4
CHALLENGE FINANCIAL SERVICES,4
CHRISTUS HEALTH,4
CIBC BANCORP USA INC.,4
Thrive National Corporation,4
Deutsche Bank,4
"The Lueder Law Firm, LLC",4
"Butler and Associates, PA",4
STELLAR BANCORP INC.,4
"Miguel A. Maza & Associates, PSC",4
Nala Payments LLC,4
"FirstCredit, Inc.",4
National Check Resolution Inc.,4
"FirstKey Holdings, LLC",4
Allegiant Capital Recovery LLC,4
Georgia Student Finance Authority,4
Robinson & Hoover,4
"FlexShopper, Inc",4
"American 1st Rate Mortgage, LLC",4
CRESCO CAPITAL INC.,4
"California Business Bureau, Inc.",4
"Arnold Scott Harris, P.C.",4
"Troy Capital, LLC",4
Camino Financial Inc.,4
Titan Solutions Group LLC,4
"NY Community Financial, LLC",4
"American Accounts & Advisers, Inc.",4
FB FINANCIAL CORPORATION,4
"HarrisLoftus, PLLC",4
"Harvest Strategy Group, Inc.",4
"Prohealth Care, Inc",4
FEARON FINANCIAL LLC,4
Professional Receivables Network,4
"Cohen & Cohen Law, LLC",4
"WVH, LLC",4
"Walwick, Inc",4
Central Collection Corporation,4
"BCG Equities, LLC",4
Primus Law PC,4
"AMERICAN ADJUSTMENT BUREAU,INC.",4
PRONTO FINANCE INC.,4
Credimatico LLC,4
"Collection Bureau Services, Inc.",4
Houston Finance Co.,4
"Columbia Collection Service, Inc.",4
BIYING Inc,4
Worth Finance Corporation,4
"ID Analytics, Inc.",4
MCMC Auto LTD,4
Payment Resolution Services,4
"Compass Recovery Group, LLC",4
"Healthcare Management, LLC",4
"PayTomorrow, LLC",4
"Collection at Law, Inc. A.P.C.",4
Plastiq Inc.,4
"BCA Financial Services, Inc.",4
"Collection Bureau of Little Falls, Inc.",4
"Vengroff Williams, Inc",4
"Accord Business Funding, LLC",4
"Optimum Outcomes, Inc.",4
"JTM Capital Management, LLC",4
"Exodus Movement, Inc.",4
"Axiom Acquisition Ventures, LLC",4
"Manhattan Beach Venture, LLC",4
"Eastpoint Recovery Group, Inc",4
"Cordoba Legal Group, PLLC.",4
"Overton, Russell, Doerr and Donovan, LLP",4
"Stephen L. Bruce, P.C.",4
"APEX Asset Management, LLC",4
Clearview Resolution Services,4
WEALTHFRONT CORPORATION,4
"Citizens Savings & Loan Corporation, Chattanooga, TN Branch",4
"StellarFinance, Inc.",4
Midwest Finance Corporation,3
FCI Lender Services Inc.,3
"BLINCLOANS, INC.",3
"Scratch Financial, Inc.",3
Evergreen Financial Services Inc.,3
Burke Costanza & Carberry LLP,3
"Ballybunion Enterprises, Inc",3
Medical Business Bureau,3
Discovery Auto Sales LLC,3
BUSEY BANK,3
MISSION FINANCIAL SERVICES CORPORATION,3
"MMG Law Group, PLLC",3
FIRST UNITED BANK AND TRUST COMPANY,3
"BSI Financial Holdings, Inc.",3
"BANKUNITED, NATIONAL ASSOCIATION",3
"Special Financing Company, LLC",3
"Midwest Resale Specialist, Inc.",3
"Dovenmuehle Mortgage, Inc.",3
Bureau of Medical Economics of Santa Clara County,3
"BROKER SOLUTIONS, INC.",3
MEI AUTO FINANCE INC,3
"Dyck-O'Neal, Inc.",3
Michael J Adams PC,3
Stream Auto Outlet,3
Medical Services Inc,3
EXCEL FINANCE COMPANY,3
"Michael Harrison, Attorney at Law",3
"Speed1, Inc",3
Metacorp LLC,3
"Best Account Receivables Management Solutions, LLC",3
Sklar Law LLC,3
"BCI FINANCIAL GROUP, INC.",3
"Slovin & Council Co., L.P.A.",3
"Easy Finance, LLC",3
Entrata Inc.,3
"St John Rossin & Burr, PLLC",3
BEAL FINANCIAL CORPORATION,3
"Sherloq Group, Inc",3
BELMONT FINANCE LLC,3
Markoff Law LLC,3
EDvantage LLC,3
BHA Services,3
"Blackstad, Hrabe, Kirlorsky, LLC",3
Diversified Acceptance Corporation,3
"Silverman Theologou, LLP",3
"ClarityPay, Inc.",3
"Clear Recovery, Inc.",3
"ClearBalance Holdings, LLC",3
"RAB, INC.",3
"RGS Financial, Inc.",3
RMA Credit Association,3
"ROAD Auto Finance, LLC",3
Olympic Collection Inc.,3
"Omni AR, LLC",3
Roberts Markel Weinberg Butler Hailey PC,3
Credit Bureau of Havre,3
"Credit Bureau of Jonesboro, Inc.",3
"Credit Bureau of York, Inc.",3
"Ragan & Ragan, P.C.",3
Rain Technologies Inc.,3
"Chaplin & Papa, P.C.",3
Creditly Corp.,3
"O'Currance, Inc.",3
Credit Lending Services Inc.,3
"Credit Associates, Inc. (MO)",3
"Pettitt & Kimball, PLLC",3
"Pavilion Payments US BuyerCo, LLC",3
"Payactiv, Inc.",3
"Commercial Industries Services Company, Inc.",3
Commonwealth Health Corporation,3
"Heavner, Beyers & Mihlar LLC",3
"Hodosh, Lyon & Hammer, PC",3
"INTER & CO PAYMENTS, INC.",3
"Independent Dealers' Advantage, LLC",3
Circle Internet Financial,3
Continental Credit Control,3
PRANCER CAPITAL CORP,3
"Professional Bureau of Collections of Maryland, Inc., GREENWOOD VILLAGE, CO Branch",3
"Professional Choice Recovery, Inc.",3
Coast to Coast Commercial Collection,3
Profit Services Group,3
"Propel, Inc.",3
"Protas, Spivok & Collins. LLC",3
"PDQ Services, Inc.",3
"Porania, LLC",3
"Riverview Law Office, PLLC",3
Supreme Lending,3
CVB FINANCIAL CORP.,3
Cambrian Group,3
"Rodriguez Fernandez Law Offices, LLC",3
"Rossi Law Offices, Ltd",3
"DLC, LLC",3
"Danco Financial Services, LLC",3
"CREDIT BUREAU OF BISMARCK, INC.",3
"Credit Management Services, Inc.",3
"CLAYTON AUTOS, INC",3
NATIONS LENDING CORPORATION,3
Data Mortgage Inc.,3
"De Lage Landen Finance, LLC",3
SCS Credit Corporation,3
"CERTIFIED COLLECTORS, INC.",3
CEX.IO CORP.,3
"SOFTGATE SYSTEMS, INC.",3
STATE STREET BANK AND TRUST COMPANY,3
"Rubin & Debski, P.A.",3
"Chek Cash, Inc.",3
Centron Services,3
Reese Law Group,3
"Cash Express, LLC",3
"Northern Trust Company, The",3
NowackHoward LLC,3
"O&L LAW GROUP, P.L.",3
"Credit Solutions, LLC (KY)",3
Capital Recovery Corporation,3
River Heights Capital LLC,3
Niagara Central Revenue,3
"Retrieval-Masters Creditors Bureau, Inc., Elmsford, NY Branch",3
Revenue Cycle Management Corp,3
"DIRECMANAGEMENT, INC.",3
Nationwide Recovery Group LLC,3
"Neighborhood Autos, LLC",3
National Capital Solutions,3
DAS Inc,3
"DApps Platform, Inc.",3
"DCI Credit Services, Inc.",3
CapitalCredit LLC,3
"Global Asset Agency, Inc.",3
Armcon Corp,3
Funding Metrics LLC,3
"Local Management, LLC",3
Gravamen Asset Management Group LLC,3
"Key Debt Recovery, Inc.",3
AAA  LENDERS INC.,3
"TRUEBILL, INC",3
TRINITY HOPE ASSOCIATES,3
"Legacy Customer Management Group, LLC",3
"AAA Auto Title Loans, LLC",3
Yes Online Inc,3
"Atlas Credit Company, Inc.",3
"Vinci Law Office, LLC",3
Lazega & Johanson LLC,3
"Avadyne Health Holdings, Inc",3
"Automotive Leasing Specialists, L.L.C.",3
Tiffany & Tiffany PLLC,3
"AutoStar Finance, Inc - D/B/A Atlanta AutoStar",3
"Lefkoff, Rubin, Gleason, Russo & Williams, P.C.",3
The Cherrington Firm PLLC,3
"First Help Financial, LLC",3
"The Commercial Collection Corporation of New York, Inc.",3
Judgment Acquisitions Unlimited Inc,3
"KAHRS LAW OFFICES, PA",3
"Liberty Career Finance, LLC",3
Hatfield Portfolio Group LLC.,3
The B & F Corporation d/b/a OK Loan Service,3
"Grisham Cummins, LLC",3
"Uprova Credit, LLC",3
AR Solutions Inc,3
ARM Professional Services LLC,3
"Full Circle Financial Services, LLC",3
Team Recovery Inc.,3
WOOD FINANCE INC DBA PREMIER ACCEPTANCE,3
"Atlantic Collection Agency, Inc.",3
Washington Trust Bank Financial Corporation,3
"Arena Investors, LP",3
"We Find Everyone, Inc.",3
"Webcollex, LLC",3
Thornton Mortgage Inc.,3
London & London,3
Lockhart Mediation Services,3
Kompato AI Inc,3
FMS Inc.,3
FLORIDA HOME TRUST MORTGAGE,3
FLAGSHIP FINANCIAL GROUP LLC,3
ABSOLUTE CREDIT  LLC,3
2233 Paradise Road LLC,3
HOME ACCEPTANCE CORPORATION,3
ASTA FUNDING INC.,3
"Alliance Consumer Solutions, Inc",3
Accenture LLP,3
"Advantage Credit, Inc.",3
"Innovative Collections, LLC",3
"FinFit Holding Co, LLC",3
Advanced Recovery Group LLC,3
Turnbull Law Group,3
The Law Offices of Mitchell D. Bluhm & Associates,3
LCB Rent Reporting Ltd.,3
"Acra Intermediate Holdings, LLC",3
"Family Choice Financial, Inc.",3
"Upstate Collection Center, Inc.",3
"Top Asset Solutions, LLC",3
"AUTO MARKET OF FLORIDA, CORP",3
Titanium Funds,3
USForex Inc.,3
XOOM CORPORATION,3
People Trust,3
"Thomas George Associates, Ltd.",3
"Valon Technologies, Inc.",3
"Forsythe Finance, LLC",3
"Hollins & McVay, P.A.",3
Cheadle Law Firm,2
Accelerated Receivables Solutions,2
Grimley Financial Corporation,2
"Accounts Management, Inc",2
"Credit Consulting Services, Inc.",2
Charleston Area Medical Center,2
Champlin & Associates PLLC,2
"Chambless, Math, Carr, P.C.",2
Vantage Point Group,2
Upward Financial Inc.,2
"Value Recovery Holding, LLC",2
"Creditech, Inc.",2
"Ragan & Ragan, PC",2
"Johnstown Credit Bureau, Inc.",2
"Nexum Solutions, LLC",2
Creditor Advocates Inc,2
"Creditors Specialty Northwest, Inc.",2
Credova Holdings Inc,2
"CrossCheck, Inc.",2
"Affiliated Collection Services, LLC",2
Revenue Assistance Corporation dba Revenue Group,2
"Komyatte & Casbon, P.C.",2
Accelerated Servicing Group LLC,2
Ricart Financial Services,2
DEBT CREDIT SERVICES,2
"DIME COMMUNITY BANCSHARES, INC.",2
"Klutch Technologies, Inc.",2
"Go Capital Holdings, LLC",2
"NerdWallet, Inc.",2
Nevada Professional Collections Texas,2
"New Century Financial Services, Inc.",2
"Revenue Systems, Inc.",2
"Castle Credit Co Holdings, LLC, Chicago, IL Branch",2
"Celentano, Stadtmauer & Walentowicz, LLP",2
"Account Recovery Specialists, Inc.",2
"Account Recovery Services, Inc.",2
Recovery Exchange LLC,2
Account Information Management Corporation,2
"United We Collect, Inc.",2
United Revenue Collection Service,2
"Newman, Mathis, Brady & Spedale",2
United Group Inc.,2
North Dakota Housing Finance Agency,2
Advance Loan Service,2
Northwestern Mediation Services,2
Great Lakes Entities,2
Regional Recovery Services,2
"Kenneth, Eisen & Associates, LTD.",2
"Keith D. Weiner & Associates Co., L.P.A.",2
"Kabompo Holdings, Ltd.",2
Carolina's Premier Mortgage Corporation,2
"INTEGRA SERVICING, LLC",2
Wilson Breit,2
"Ignite Revenue, Inc.",2
Imperial Finance Corp,2
ADS Resolve LLC,2
"Ingenuity RM, LLC",2
"Innovate Managed Holdings, LLC",2
"West Law Group, PLLC",2
"Oquirrh Mountain Law Group, P.C.",2
"Portnoy Schneck, L.L.C.",2
"Preferred Collection and Management, Inc.",2
Preferred Finanical Services Corporation,2
"CoinZoom, Inc.",2
ZARVAD III S.A.,2
PRA LAW FIRM,2
"PRIMAVERA FINANCIAL, INC.",2
"A+ Loans, Inc.",2
PROSPER FIRST FUNDING CORPORATION,2
"ACI Worldwide, Corp.",2
"Perry Law Office, P.C.",2
"Persolve, LLC - Legal - Series 2",2
"Integrity Funding Ohio, LLC",2
"Pizer & Associates, P.C.",2
"Peritus Portfolio Services II, LLC",2
"College Ave Student Loan Servicing, LLC",2
Partners for Payment Relief,2
Pathfinder Credit Services,2
"Concorde Auto Management, LLC  DBA  Concorde Auto Acceptance",2
" Lippman Recupero, LLC",2
"Williams, Alexander & Associates, Inc",2
"AMALGAMATED TOKEN SERVICES, INC.",2
"AMA Advisors, LLC.",2
"Intercap Services, LLC",2
"William D. Meeker Enterprises, Inc.",2
"Wheel City Motors East, Inc.",2
"Heritage Financial Group, Inc.",2
High Point Asset Inc,2
"A+ Financial Services, Inc.",2
"Intermex Wire Transfer, LLC",2
"Claims Recovery Systems, Inc.",2
"AMERICAN FINANCIAL MANAGEMENT, INC.",2
WEBULL PAY HOLDINGS (US) INC,2
"New Hampshire Northeast Credit Services, Inc.",2
PACIFIC CAPITAL EXCHANGE,2
"Abaca Mortgage, Inc.",2
Courtesy Finance LLC,2
Pappas Hayden Westberg & Jackson PC,2
AUTOMOBILE ACCEPTANCE CORPORATION,2
"RD Fuller Company, LLC",2
"AUDIT SYSTEMS,INC",2
ATLANTIC PACIFIC MORTGAGE CORP,2
"RN Financial, LLC",2
HOA Collections LLC,2
"JH Portfolio Debt Equities, LLC",2
"Credit Bureau Data, Inc.",2
Credit Bureau Services Inc.,2
Covington Capital Corporation,2
"Paragon Subrogation Services, Inc",2
Prim and Mendheim,2
"Weber & Associates, Inc.",2
ClearPath Recovery Management LLC,2
Coastal Bend Loans,2
APG Financial Inc,2
Hawes Klein LLC,2
"JACKSON & McPHERSON, LLC",2
"Public Title Services, LLC",2
"Investigative Concepts, Inc.",2
CrediautoUSA Financial Company LLC,2
"Island Portfolios Services, LLC",2
Island Finance Puerto Rico,2
"POM Recoveries, Inc.",2
Consumer Financial Services,2
"Quad Corporation, Inc.",2
"Child Support Recovery Services, Inc.",2
Chrebet Associates  LLC,2
"Cianfrone, Nikoloff, Grant, & Greenberg, P.A.",2
"CredCare, LLC",2
The Cadle Company,2
"The Allen Daniel Associates, Inc.",2
"Thaddeus Bechtle Attorney at Law, LPC",2
"Melar Investments, LLC",2
"EVERGREEN PROFESSIONAL RECOVERIES, INC.",2
Terrill Outsourcing Group,2
Earnest Inc.,2
Equitable Acceptance Corp,2
Maury's Motors Inc DBA Midpoint Auto Group,2
"Tsarouhis Law Group, LLC",2
"Meade Recovery Services, LLC",2
Mechoopda Indian Tribe of Chico Rancheria,2
Financial Network Recovery Inc,2
Financial Asset Management Systems Inc,2
"Southwood Financial, LLC.",2
Asset Collections Inc,2
"Ashton & Weinberg, Inc.",2
Ascendium Education Group,2
"BRite Financial Services, Inc.",2
First Class Autos Inc,2
Broadway Account Services,2
"Bizcorp, LLC",2
"Second Round Limited Partnership, Austin, TX Branch",2
Shnayder Law Firm LLC,2
Sir Finance Corp,2
Arco Collection Services LLC,2
Skyline Financial Corp.,2
"Bass & Associates, P.C., Attorneys at Law",2
The Cook Law Office PLLC,2
Solvent Plus LLC,2
"First Service Residential, Nevada, LLC",2
First Pacific Funding Inc.,2
"EAGLE BANCORP, INC.",2
"First National Auto Sales, Inc",2
ENTERPRISE FINANCIAL SERVICES CORP,2
Smith & Smith Investors LTD,2
"Snap Credit, Inc.",2
"First Financial Credit, Inc",2
Solidus Group LLC.,2
Meritize Financial Inc.,2
"Estate Information Services, LLC",2
"Stewart, Zlimen & Jungers, Attorneys, Ltd.",2
"Lost Lake Finance, LLC",2
"BCION, A DIVISION OF ION BANK",2
First Coast Mortgage Funding LLC,2
"MCS CLAIMS SERVICES, INC",2
MAJR Financial Corp,2
MIRACLE FINANCE LTD,2
"M. Richard Epps, P.C.",2
Auto Finance Center,2
ML Mortgage Corp.,2
"Finance System of Green Bay, Inc.",2
"MNE Services, Inc",2
"FIRST FINANCIAL BANKSHARES, INC.",2
"BANC OF CALIFORNIA, INC.",2
"TESORO FINANCIAL, LLC",2
"Szuba & Associates, PLLC",2
SunTx Capital Partners,2
"Superior Holdings, LLC",2
MITSUBISHI HC CAPITAL (U.S.A.) INC.,2
Bank of China USA,2
Auto Buyers Credit LLC,2
Awar Holding Inc.,2
Marine One Acceptance Corporation,2
"Automotive Funding Group, Inc",2
"Specified Credit Association, Inc.",2
"Spero Solutions, Inc.",2
"Spina & Lavelle, P.C.",2
"Splash Financial, Inc.",2
"Esler And Lindie, P.A.",2
"Feldman & Stern, LLC",2
"Lyon Collection Services, Inc",2
"Lowther Johnson Attorneys at Law, LLC",2
Lowcountry Credit Inc.,2
"FCTI, Inc.",2
"Lotane & Associates, P.A.",2
FIRST AMERICAN FINANCIAL CORPORATION,2
MS SERVICES LLC,2
"MacDowell & Associates, Ltd.",2
"Makes Cents, Inc. dba Advance.Cash",2
Sports & Imports Auto,2
"Rogers, Carter & Payne, LLC",2
"Ross, Stuart & Dawson Inc",2
"NEXBANK CAPITAL, INC.",2
"NPG Associates, Inc.",2
DIXIE FINANCE COMPANY,2
"American Management Services, Inc.",2
"DRT Enterprises, Inc",2
"GCFS, INC.",2
CRED Technologies dba cred.ai,2
"Dorough & Dorough, LLC",2
"Rubin Lublin, LLC",2
S.B.S. Trust Deed Network,2
"SACOR FINANCIAL, INC",2
"SB Holdings, Inc.",2
"CMD Investment Group, Inc.",2
COINFLIP LLC,2
NAM National Arbitration and Mediation,2
"Lakeview Law Group, PLLC",2
"NCC Holdings, LLC",2
GATEWAY FIRST BANK,2
"New Horizons Finance Company, Inc",2
"Nair & Levin, P.C.",2
U DRIVE ACCEPTANCE CORPORATION,2
"Allied Collection Service, Inc. (Indiana)",2
D.B.F. COLLECTION CORP.,2
"Allied Capital Management, Inc.",2
"LPH, Inc.",2
GUARANTEED RATE INC.,2
"Robert W. Warner & Associates, P.C.",2
Roger Van Wert,2
"American Collections Enterprise, Inc.",2
CREDIT MANAGEMENT CORPORATION,2
"AmeriHome Mortgage Company, LLC",2
CSO Financial,2
Altitude Community Law P.C.,2
Trust Financial LLC,2
"Tri-State Adjustments, Inc.",2
Robinson Economic Development Corporation,2
Rocky Mountain Capital Management,2
"Aldridge Pite, LLP",2
"SUN WEST MORTGAGE COMPANY, INC.",2
Broward Adjustment Services,2
"Buffaloe & Associates, PLC",2
"Lamont, Hanley & Associates, Inc.",2
Draper and Kramer Mortgage Corp.,2
"The Nguyen Law Firm, PLC",2
Miller Harrison LLC,2
"The Law Offices of Kenosian & Miele, LLP",2
Model Finance Company,2
Lakeside Receivables LLC,2
Freede Solutions Inc.,2
"Burke Moore Law Group, LLP",2
"Fold, Inc.",2
MicroBilt / PRBC (formerly CL Verify),2
"Mid-America Accounts Control Bureau, Inc.",2
"Mid-Minnesota Management Services, Inc.",2
"Midstate Collection Solutions, Inc.",2
Five Lakes Law Group PLLC,2
Leif Technologies Inc.,2
"The Law Office of Michael A. Priddle, LLC",2
"LTD Financial Services, L.P.",2
"COLLECTION AGENCY OF THE HIGH COUNTRY,INC",2
"Apothaker & Associates, PC",2
SE Capital Corp dba Credito Familiar,2
Amscot Corporation,2
"Tiffany & Bosco, P.A.",2
"Tiburon Financial, LLC",2
"CJA Auto Sales, Inc.",2
"CBM Services, Inc.",2
STERLING BANCORP,2
"Delta Management Group, Inc.",2
"Dimand Law Offices, P.C.",2
Lead Finance DBA HyperSpeed Loans,2
"CFAM Financial Services, LLC",2
"SMS Financial, LLC",2
Layer2 Financial Inc.,2
STATE BANK OF INDIA - NEW YORK BRANCH,2
Lawson Hamilton & Associates,2
Law Offices of Goldsmith & Hull A.P.C.,2
"Law Office of James R. Vaughan, P.C.",2
"Delta Management Associates, Inc.",2
"60 Month Loans, Inc.",1
950 Credit Inc,1
A-L FINANCIAL CORP,1
"ZENCO COLLECTION, LLC",1
"Zimmerman & Zimmerman, P.A.",1
"Zion Lending, LLC",1
Homegrown Auto LLC,1
"Horsepower Financial, LLC",1
"Hosto & Buchan, PLLC",1
ACE Midland Holdings,1
"ACQ Holdings, LLC.",1
INSPERITY INC,1
"IMPAC MORTGAGE HOLDINGS, INC.",1
"Hofman Law Group, A.P.C.",1
"HighPoint Law Offices, LLC",1
High Performance Capital,1
"Hiday & Ricke, P.A.",1
"Henley, Lotterhos & Henley, PLLC",1
Helm Associates,1
Heights Finance LLC,1
Inter-America Finance Corp.,1
"Insikt, Inc.",1
ALASKA HOUSING FINANCE CORPORATION,1
AIH Receivables Management Inc.,1
"AGS Financial, Inc",1
Watercress Financial Group LLC,1
"WRJ Holdings, LLC",1
Community Cash Management Corp.,1
Payday America Inc.,1
Park View Credit,1
"Collins Asset Group, LLC",1
College Assist,1
"Collection Service Center, Inc.",1
"Collection Resources, Inc.",1
"Pluese, Becker & Saltzman, LLC",1
"Pittenger Law Group, LLC.",1
Pioneer Capital Solutions Inc,1
"Pintor Partners, LP",1
"Pinebrook Holdings, LLC",1
"Pinata Rent, Inc",1
Pier Special Opportunities Fund LP,1
Physicians & Dentists Credit Bureau,1
"Phoenix Health Care Management Services, Inc.",1
PRIMARY RESIDENTIAL MORTGAGE,1
"Continental Currency Services, Inc.",1
Consumer Receivables Management LLC,1
Premium Credit Bureau,1
"Premier Judgment Recovery and Collections, LLC",1
Collectibles Management Resources,1
"Cohn, Goldberg & Deutsch,LLC",1
Cohn & Dussi LLC,1
Premier Capital Investment Group,1
"Preferred Capital Funding of Illinois, LLC",1
"Portnoff Law Associates, Ltd.",1
"Concentric Receivables Management, Ltd.",1
"Complete Collection Services, Inc.",1
"Complete Care, Inc.",1
"Community Loan Servicing, LLC (formerly known as Bayview Loan Servicing, LLC)",1
Community Housing Council of Fresno,1
"Cohen, Roberts & Associates, LLC",1
Coconut Funding Corporation,1
"Coastal Custom Mortgage, Inc.",1
"Cloud Willis & Ellis, LLC",1
Cliff Lending Inc. d/b/a Advance Loan Solutions,1
"Click n' Close, Inc.",1
"Cleva Technologies, Inc",1
"Professional Credit Analysts of MN, Inc.",1
"Prober & Raphael, A Law Corporation",1
"Prizm Financial Company, LLC",1
"Presto Loan Center, LLC",1
"Paratus Partners, LLC.",1
"Paramount Recovery Systems, L.P.",1
PacificLife Servicing,1
PROPEL FINANCIAL SERVICES LLC,1
PRIORITY PLUS FINANCIAL LLC,1
"Consumer Legal Group, P.C.",1
"Constantino Law Office, P.C.",1
Consolidation Capital,1
PLACID NK CORPORATION,1
PINNACLE CAPITAL MORTGAGE CORP,1
"PATRICK A. CAREY, P.A.",1
"PASSAGE HEALTH INTERNATIONAL HOLDINGS, INC.",1
"Credit Adjustment Services of Harrisburg, Inc",1
"CredHub, Inc",1
"Creative Finance, Inc.",1
"PulteGroup, Inc.",1
"Professional Solutions Collection Agency, LLC",1
Professional Service Bureau,1
Professional Receivable Solutions,1
"Professional Medical Management, Inc.",1
"Professional Datasolutions, Inc.",1
"Cornerstone Credit Group, LLC",1
Convergys,1
PARK NATIONAL CORPORATION,1
"PALOMAR ENTERPRISES, LLC",1
"PACIFIC SOUTHWEST NOTE FUND, LLC",1
Owl Bridge Credit LLC,1
Overland Bond & Investment Corporation,1
"Ovation Financial Services, LLC",1
Orbita Asset Purchasing,1
"Clasp Group, Inc.",1
"Clarity Debt Resolution, Inc",1
Chrysalis Holdings LLC,1
"RAB PERFORMANCE RECOVERIES, LLC",1
Quall Cardot LLP,1
"Quad Cities Financial, Inc.",1
Pure Debt Solutions,1
"Credit Bureau of Canyon, Inc",1
"Credit Bureau of Bainbridge, Inc.",1
"Credit Adjustment, Inc",1
Olympus1 LLC,1
Olympus Lending LLC,1
"Olympus Law Firm, PLLC",1
RUOFF MORTGAGE,1
RTO National,1
ROYAL UNITED MORTGAGE LLC,1
"ROCKFORD MERCANTILE AGENCY, INC.",1
"RNN Group, Inc",1
"RGL Associates, Inc.",1
"REPORTS, INC.",1
REMAX,1
"ClearOne Advantage, LLC",1
Counsel of the Carolinas,1
Credit Glory LLC,1
"Credit Collection Partners, Inc.",1
"Credit Clearing House of America, Inc.",1
"Ogden Holdings, LLC",1
Ocean Lending Home Loans,1
"Oak Harbor Capital, LLC",1
"OLD VIRGINIA MORTGAGE, INC",1
"Creditmax Collection Agency, Inc. d/b/a Creditmax, Inc.",1
Check N Title Loans,1
Chaparral Inc,1
"Certified Services, Inc.",1
Certified Recovery Inc,1
Century First Credit Solutions,1
"RUSH COLLECTIONS AGENCY, CORP.",1
"RUPP AND ASSOCIATES, INC.",1
"Credit Bureau of Council Bluffs, Inc DBA Credit Information Systems",1
"Central Professional Services, Inc.",1
"Centara Capital Group, Inc.",1
Celsius US Holding LLC,1
"Cedar Holdings, Inc.",1
Castle and Cookie Mortgage LLC,1
Cashera LLC,1
Receivables Management Associates,1
"Receivable Recovery Services, LLC",1
Receivable Recovery Partners LLC,1
Ready Capital Corporation,1
Ray Skillman Ford Inc,1
"Rauch-Milliken International, Inc.",1
"Rapid Investments Holdings, Inc",1
Rapid Auto Loans LLC,1
"Checkr, Inc",1
Old Republic National Title Holding Co.,1
Cash Money LLC,1
"Cash Link USA, LLC",1
Credit Wellness LLC,1
Credit Sage LLC,1
"Credit Resolutions, LLC",1
Novea Portfolio Management LLC,1
Northwest Collectors Inc.,1
"North Colony Law Group, PC",1
"Norman & Associates, Inc.",1
"NorAm Capital Holdings, Inc.",1
"Noam J. Cohen, PA",1
"Carter Business Service, Inc.",1
"Regional Collection Services, Inc.",1
"Regional Acquisition Group, Inc.",1
Redwood Lending Services,1
Red Target LLC,1
"Critical Ideas, Inc.",1
"Crimcheck Holdings, LLC",1
"Crescent City Credit Recovery, Inc.",1
"Creditors Adjustment Bureau, Inc.",1
"Newport Bayshore properties, Inc.",1
"Newman, Hesse & Associates, P. A.",1
Car World Group,1
"Capital Recovery Systems, Inc.",1
"Capital Credit and Collection Service, Inc.",1
"Capital Collections, LLC",1
"Resolution Law Group, LLC",1
Residential Bancorp,1
Repair Like A Pro LLC,1
"Reliable Auto Finance, Inc.",1
"Cashco Financial Services, Inc",1
CashMax LLC,1
"Nationwide Recovery Systems, Ltd",1
"Nations Direct Mortgage, LLC",1
DFC Global Corp.,1
"DCS2 Asset Recovery, LLC",1
Rithm Capital Corp.,1
Ripple Labs Inc.,1
Riehlman Shafer and Shaw LLC,1
"Rickart Collection Systems, Inc.",1
Richard Stone & Associates,1
Richard H. Kream,1
Revenued LLC,1
Carfast Financial Holdings,1
"Caramel Dealer Services, LLC",1
"Cuzco Capital Investment Management, LLC",1
"Cullimore & Coleman, PLC",1
Cross America Financial LLC,1
"Rosen Harwood, P.A.",1
"Rose & Associates, LLC.",1
"Rolfe & Lobello, P.A.",1
California Accounts Service,1
"CREDIT CONCEPTS, INC.",1
"Robert L. Tankel, P.A.",1
"Roach & Murtha, P.C.",1
"DAVID W. EDWARDS, P.C.",1
"D&D Motors S, Inc",1
"D Michael Dendy, A Professional Law Corporation",1
"Cypress Creek Financial, LLC",1
"National Check Bureau, Inc.",1
"National Budget Planners of South Florida, Inc",1
Nation One Mortgage Corporation,1
"Dant-Pacific, Ltd",1
"New Southern Loans, Inc",1
CRE Credit Services,1
"Dakota Financial, LLC",1
DRIVE NOW AUTO CREDIT COMPANY INC,1
"DOUGLAS, KNIGHT & ASSOCIATES, INC.",1
"DMEC Capital Services LLC, DBA Settle Our Debt",1
DLG LLC,1
NRS Billing Services LLC,1
"NRG STX Properties, LLC",1
"NEW IMAGITAS, INC",1
"NEU Money, Inc.",1
"CR-MPM, LLC dba Don Carro",1
"CORNERSTONE RESOLUTION GROUP, INC.",1
COOLEY ENTERPRISES INC,1
CONTRACT RESOLVE GROUP LLC,1
CONTOUR MORTGAGE CORPORATION,1
"COMMERCIAL SERVICES GROUP, INC.",1
NE PROCESSING LLC,1
"NDS, LLC.",1
Debt Solutions LLC,1
"Debt Direct Portfolio Management, LLC",1
Deatrick & Spies PSC,1
"Deal Depot, Inc.",1
"Darnel Quick Recovery, Inc.",1
"NCS, Inc",1
"NCP Holdings, L.P.",1
"NCD Financial, LLC",1
NATIONWIDE ACCEPTANCE LLC,1
"CMCS, Inc. DBA Central Mercantile Collection Services",1
Russell P Goldman PC,1
Royalty Management Corporation,1
Rothberg Logan & Warsco LLP,1
"CREDIT BUREAU OF NAPA COUNTY, INC.",1
Digital Currency Group Inc,1
"Devon Financial Services, Inc.",1
Delphi Group Inc.,1
"Delivery Financial Services, LLC",1
"Moxley & Associates, LLC",1
"Morgan & Associates, P.C.",1
Morales Law Group PA,1
"Moody, Jones & Ingino, P.A",1
"CASHCALL, INC.",1
"CICA Collection Agency, Inc.",1
"CHS, Inc.",1
CFS2 Inc.,1
CFS of Aurora IL LLC,1
SFMC L.P.,1
"SERVISFIRST BANCSHARES, INC.",1
SCV Inc.,1
"Sago Financial, Inc.",1
"SUN FINANCE COMPANY, LLC",1
STATEWIDE AUTO SALES,1
"CARTER-JONES COLLECTION SERVICE, INC",1
"CAPITAL RESOURCE MANAGEMENT, INC.",1
"Business Revenue Systems, Inc.",1
SSRM,1
"SPP, Inc.",1
SN SERVICING CORPORATION,1
"SML Capital, Inc.",1
SIMPLE CAR TITLE LOANS INC,1
"CCB Credit Serivces, Inc",1
N26 Inc.,1
Municipal Collections of America Inc.,1
"Direct, Inc",1
Direct Capital,1
Business Financing Corporation,1
"Bursey & Associates, P.C.",1
"Montage Mortgage, LLC",1
Moneytree Inc,1
"Mitsubishi Motors North America, Inc.",1
Minto Financial dba Minto Money,1
"Miller and Steeno, P.C.",1
Miller Davis & Peoples,1
Midwest Recovery Ltd,1
"Duke Capital, LLC",1
Bureau of Accounts Control,1
Broder Credit & Collection Service,1
Broadway Advance LLC,1
Samsa Technologies Inc,1
"Salander Enterprises, LLC",1
Saint Services LLC,1
Dominion Capital Mortgage Inc.,1
"Midwest Loan Services, Inc.",1
"Mid-Atlantic Portfolios, LLC",1
Mid Atlantic Auto Finance,1
"Miciul & Associates, LLC",1
"Michigan Mutual, Inc.",1
"Brian A. Blitz, P.A.",1
"Breit & Boomsma, P.C.",1
Breeze Labs Inc.,1
"Bonded Business Services, Ltd.",1
Seben Hospitality Investments LLC,1
"Scolopax, LLC",1
"Scheer, Green & Burke L.P.A.",1
"Sapphire Marketing Group, Inc.",1
Sands Recovery Group,1
"Sandia Resolution Company, LLC",1
Bayview Solutions LLC,1
"Bayside Recovery Services, Inc.",1
Barton Benson Jones PLLC,1
"Barr, Unger & McIntosh, LLC",1
Sigue Corp.,1
Sierra Collections and Consulting LLC,1
"Seed Consulting, LLC",1
Secure One Capital Corporation,1
Blue Bay Capital,1
Blackburne & Sons Realty Capital Corporation,1
Bison Bucks Lending,1
"Big Picture Loans, LLC",1
"Biehl & Biehl, Inc",1
"Brightfunders, LLC",1
"Douglas L. Brooks, PC",1
"Doonan, Graves & Longoria",1
SmartCredit LLC,1
Smart Money Alliance,1
"Michaels, Louis & Associates, Inc.",1
Michael Wayne Investment,1
"EOS Holdings, Inc.",1
"Dynamic Strategies, Inc",1
Michael Andrews & Associates LLC,1
"Metallicus, Inc.",1
Meridian Title  Corporation,1
"Meridian North America, Inc.",1
BetterMe Financial,1
"Berlin-Wheeler, Inc. (Kansas)",1
"Berkshire Financial Services, LLC",1
Bella Sloan Enterprises,1
Bell Global Services LLC,1
Beacon Recovery Group LLC,1
EliteCashWire.com Inc,1
Electric Solidus LLC,1
Eastern Shore Judgment Recovery,1
"East Alabama Title & Escrow Services, LLC",1
Eagle Phillips LLC,1
"Eads Murray & Pugh, P.C.",1
EZ Loans Co LLC,1
EZ Finance Company,1
EVERCOMMERCE SOLUTIONS INC.,1
Merchants Credit Corporation,1
"Medical Society Business Services, Inc.",1
South East Collection Specialist,1
"Solomon and Solomon, P.C.",1
SoLo Funds Inc.,1
Snow and Sauerteig LLP,1
Smyrna Finance LLC,1
Man-Data Inc.,1
Malacko Law Office,1
"F & S Financial Marketing, Inc.",1
Expert Credit Sweeps,1
"BYS, LLC. d/b/a Boost Your Score",1
BYL Collection Services,1
BULBUL INVESTMENTS LLC,1
Southwest Mediation Service,1
Southwest Law Offices PC,1
"Medical Financial Services, Inc.",1
"Medical Debt Recovery, Inc.",1
"McKellar & Associates Group, Inc.",1
Maxitransfers LLC,1
"Envision Payment Solutions, Inc.",1
"Emmett L. Goodman, Jr., LLC",1
Embassy Loans,1
MWS Financial Services LLC,1
"MVBA, L.L.C.",1
"MUSA Holdings, LLC",1
"FALONI & ASSOCIATES, LLC",1
Sterling  Hill Financial,1
"Stein Law, P.C.",1
State Finance Company,1
"Star Loans of Texas, Inc.",1
"StanleyAFE, LLC",1
"Sperlonga Data & Analytics Systems, LLC",1
Barker Financial LLC,1
"Eisenberg, Gold & Agrawal, P.C.",1
Economic Empowerment Center,1
"Mark A. Kirkorsky, PC",1
Mar Joe Enterprises,1
Mankin Law Group,1
"BLOOM & ASSOCIATES, P.A.",1
FIRST GUARANTY MORTGAGE CORP,1
FIRST FOUNDATION INC.,1
FIRST CREDIT FINANCE,1
"MMRR Finance, d/b/a Cash Loans Direct",1
MID FLORIDA FINANCING LLC,1
MEPCO FINANCE CORPORATION,1
"MEMBER FIRST MORTGAGE, LLC",1
"BH Financial Group, LLC",1
BG Lenders Service LLC,1
Stone Higgs & Drexler,1
Stern & Stern. P.C.,1
Sterling Credit Corp.,1
"Sterling & Associates, LLC",1
Ershowsky Verstandig PLLC,1
Mages & Price LLC,1
"Longbridge Financial, LLC",1
Locate Services LLC,1
Fairway Independent Mortgage Corporation,1
FS Card Inc.,1
MCT GROUP INC.,1
"MBM Collections, LLC",1
"MAS FINANCIAL SERVICES, INC.",1
"MAGGUILLI LAW FIRM, PLLC",1
M&S Recovery Solutions,1
"T & I Enterprises, LLC",1
"Sykes,Bourdon,Ahern & Levy, P.C.",1
Summit Consumer Group,1
"Summit Account & Computer Service, Inc.",1
Sulphur Bank Rancheria Enterprises,1
"Su Casa De Cambio Cesar Chavez, Inc.",1
"BMANSOL Intermediate Holdings, Inc.",1
Auto Credit of Virginia Inc.,1
"Auto Acceptance, LLC",1
"Aubrey Thrasher, LLC",1
"Atlas Services, Inc.",1
B&F Finance Corp.,1
"B and F Capital, DBA    H and H Legal Support Services,    DBA Paid in Cash",1
"Automotive Financial of America, Inc.",1
"Automated Accounts, Inc.",1
TM Communication LLC,1
TITLE FINANCIAL CORPORATION,1
"THE J.D. STUART LAW GROUP, LLC",1
TH Professional & Medical Collections LTD,1
"Fidelity National Financial, Inc",1
Federated Student Loan Services,1
"Farrell Holdings, LLC",1
"Loom Capital, LLC",1
First Bancorp North Carolina,1
First Atlantic Auto Credit LLC,1
"Financial Service Center of Ohio, LLC",1
"Financial Filing & Reporting, Inc.",1
"Loandrone, Inc.",1
"Loan Velocity, Inc.",1
"Loan Science, LLC",1
"Lipsky & Associates, Inc",1
"Line Financial, PBC",1
"Linden Research, Inc.",1
Assent Inc.,1
Ascension Recovery Management,1
"Tavelli Co., Inc. dba Tavco Credit Services",1
"TRUHOME SOLUTIONS, LLC",1
"AutoMoney, Inc.",1
"AutoBank Financial, LLC",1
The Collection Analyst Incorporated,1
"Lightspeed Mortgage, Inc.",1
"FirstCollect, Inc.",1
"First Texas Auto Credit, Inc.",1
"First Financial of Columbia, Inc",1
"Life Line Billing Systems, LLC",1
"Liberty Holdings, LLC",1
Lewis & Clark Capital LLC,1
"Lennar Financial Services, LLC",1
"The Carroll Mortgage Group, Inc",1
The CFM Group,1
"The Advantage Mortgage Group, Inc.",1
"Texas Palmetto Ventures, LLC dba First Credit",1
Texan Financial Services Inc,1
"TexCap Financial, LLC",1
Tesani Management Inc,1
Lenmo Inc,1
"Lendmart, LLC",1
Fradkin & Weber PA,1
Foxstar Energy Resources LLC DBA Federal Student Loans Council,1
"Fitzgerald & Campbell, A Professional Law Corporation",1
"Lend You Cash, Inc",1
"Legal Recovery Law Offices, Inc",1
Legacy Credits,1
"Arthur B. Adler & Associates, Ltd",1
"Array US, Inc",1
Armor Systems Corporation,1
"Armin, O'Conner & Boch, LLC",1
"Aristocrat Title, LLC",1
Ardmore Finance Corporation,1
"The Grogan Law Group, LLC",1
The Dunning Law Firm APC,1
Law Offices of Les Zieve,1
Law Offices of Goldberg & Oriel,1
Law Office of Steven A. Booska,1
Law Office of Linda Strumpf,1
"Larsen & Associates, P.L.",1
GENTRY FINANCE CORPORATION,1
The Shindler Law Firm,1
"The Sayer Law Group, P.C.",1
The Rose Law Firm PLLC,1
"The Rickel Law Firm, P.C.",1
"The Law Offices of Gregory Alexandrides, LLC",1
"The Law Offices of Barry J. Gammons, PLLC",1
The Law Office of Nicole Hillman,1
"The Law Office of Charles Mifsud, LLC",1
"The Law Office of Alan Pritchard, PLLC",1
The Law Firm of Krisor & Associates,1
Friendly Finance Corporation,1
Freedom Trucks LLC,1
"Lake Area Collections, LLC",1
Lafayette General Medical Center,1
Lacy Katzen LLP,1
LRS Mediations Group,1
American Eagle Mortgage Co. Inc. (FL),1
"American Credit Exchange, Inc",1
Arbor Residential Mortgage LLC,1
"Anchor Mortgage, LLC",1
"ThunderRoad Financial, LLC",1
Thunder Auto Finance LLC,1
"Thrivepoint Financial Holdings, Inc.",1
Thrifty Motors Inc.,1
Leaders Financial Company,1
"Law Offices of Robert S. Gitmeid & Associates, PLLC",1
"Ambassador Mortgage, LLC",1
"Alpine Credit, Inc",1
"AlpacaDB, Inc.",1
Allied Union Group Inc,1
Tulsa Adjustment Bureau,1
"True Link Financial, Inc.",1
Triple AC Resolutions,1
"Total Recovery Services, Inc",1
"Total Financial Services, Inc",1
"Time Investment Company, Inc.",1
Amigos Préstamos,1
"American International Finance, Inc.",1
American Financial Network Inc.,1
American Finance LLC,1
"American Enterprises International, Inc.",1
"G&P Enterprises, LLC",1
Alliance Group & Associates LLC,1
Allen & Withrow,1
LPSG,1
"LPI, INC.",1
LENDER LIVE,1
"LENCO FINANCE OF CARENCRO, INC",1
GREATAMERICA FINANCIAL SERVICES CORP.,1
"GEORGETOWN MORTGAGE, INC.",1
GENWORTH FINANCIAL INC.,1
Get Financed LLC,1
"Genesis Recovery Services, Inc.",1
"General Recovery Services of WV, Inc.",1
General Credit Service Inc.,1
"Gate US, Inc.",1
"American Collection Systems, Inc.",1
AmeriFirst Financial Corporation,1
"Aequitas Capital Opportunities Fund, LP",1
"Gaskell & Giovannini, LLC",1
Garrison Law Office L.L.C.,1
Gallatin Valley Financial,1
"Klover Holdings, Inc.",1
Kirschenbaum & Phillips P.C,1
Khoury Alternative Claims Management,1
Goodwill Finance LLC,1
"Goldman & Van Beek, P.C",1
"Global Processing Services, LLC",1
"Advantage Auto Sales, Inc.",1
Advanced Credit Management,1
UNITED MORTGAGE CORP,1
"U.S. Equity Advantage Holdings, Inc.",1
"Allied International Credit Corp., (US)",1
"Allied Collection Services, Inc. (Nevada)",1
Greenway Mortgage Funding Corp.,1
Granite Bay Acceptance Inc.,1
"Grand American Resources, Inc",1
Gotham Collection Services Corp.,1
"Kehoe Financial Group, LLC",1
Kashia Services,1
"Adam I. Skolnik, P.A. d/b/a Law Office of Adam I. Skolnik, P.A.",1
Action Finance Inc.,1
"Union Credit, Inc.",1
"Unchained Capital, Inc.",1
"Uetsa Tsakits, Inc. d/b/a MaxLend",1
"USA Credit Solutions, Inc",1
"USA Cash Services Management, Inc.",1
UNIVERSAL ACCOUNTS LLC,1
Aidenbaum Schloff and Bloom PLLC,1
Agency of Credit Control,1
Guidiville Indian Rancheria,1
"KILOWATT FINANCIAL, LLC, A SPRUCE FINANCE COMPANY",1
KCB Credit LLC,1
Jupiter PreOwned Sales LLC,1
"Joseph M. Tobin, PC",1
"Jones & Walden, LLC",1
"Johnson, Blumberg & Associates, LLC",1
Jet Lending Inc.,1
"Accounts Receivable Management, Inc",1
Accounts Receivable Inc.,1
Accounts Receivable Consultants Inc.,1
"Account Control Technology, Inc.",1
"United Debt Counselors, LLC",1
"Unitas Lending, LLC",1
Unisource Joint Ventures LLC,1
Advanced Check And Credit Recovery,1
"VeriCore, LLC",1
"Vendor Resource Management, Inc.",1
Veem  Inc.,1
"Vanguard Financial Services, Inc.",1
"VNU Group, LLC",1
VIAMERICAS CORPORATION,1
VETERIS CAPITAL LLC,1
"VERITAS FUNDING, LLC",1
Universal Recovery Corporation,1
"Universal Credit Services, Inc",1
Acer Capital Recovery LLC,1
Accurate Financial Services,1
Accounts Recovery Agency Inc.,1
"Accounts Receivables, Inc. (FL)",1
KOP Collection Services LLC,1
"HABITAT FOR HUMANITY INTERNATIONAL, INC.",1
"Jenkins, Wagnon & Young, P.C.",1
"Jeffrey A. Clark & Associates, APLC",1
"Jason Michael Katz, P.C.",1
"JP Jensen Collections, LLC",1
"JMD,LLC",1
"JMC Leasing Specialties, LLC",1
"Healthcare Collection Specialists, Inc.",1
"Health Management Services, Inc. d/b/a Corporate Legal Services LLC",1
Headwaters Financial Corp.,1
"Hawthorn Horizon Credit Fund, Series 2",1
"ATL Ohio, Inc.",1
"Account Control Services, Inc",1
"AccessOne  Holdings, Inc.",1
Absolute investment Group,1
"Above Lending, Inc.",1
Veterans Relief Services LLC,1
ARTICLE ACCEPTANCE COMPANY,1
"Harrison Financial, LLC",1
"Harrington, anderson & deblasio",1
"JAN (LendUSA) Holdings, Inc.",1
J.C. Lewis Motor Co.,1
"Investment Management Company, LLC",1
"Internet Escrow Services, Inc.",1
"International Recovery Associates, Inc.",1
AMERISAVE MORTGAGE CORPORATION,1
"AMERIFIRST FINANCIAL, INC.",1
AMERICAN FAMILY FUNDING GROUP Inc.,1
"WILKINSON LAW FIRM, P.C.",1
Volunteer Mortgage Loan Servicing,1
ATM OPS INC,1
Hans Capital Group dba H&L Automotive Financial Services,1
HFS Financial LLC,1
"AFJ Systems, Inc.",1
onDemand Lending Inc.,1
"iSolved HCM Services, LLC",1
ACCESS GROUP INC.,1
ABC Credit & Recovery Services Inc.,1
"Wilco Finance, Inc",1
Wharthog Ventures LLC dba Loans Not Sharks,1
Westley Auto Inc,1
"Welcome Finance Company, Inc",1
"AMERICA'S LOAN COMPANY, LLC",1
"ALE Solutions, Inc.",1
Innovative Strategic Solutions,1
"Imperial Recovery Consultants, LLC",1
Idaho Housing And Finance Association,1
IOWA STUDENT LOAN LIQUIDITY CORPORATION,1
"INTEGRAL RECOVERIES, INC.",1
Pharus Funding LLC,1
"Peterson Young P.C., d/b/a  Miller Cohen Peterson Young P.C.",1
"Peterson Enterprises, Inc.",1
"Peter Roberts & Associates, Inc.",1
Personalized Collection Services,1
Peoples Credit Inc.,1
Peerless Credit Services Inc,1
"Peak Acceptance, LLC.",1
"1803 Capital, LLC",1
"elizabeth f schwartz, p.a.",1
1ST PREFERENCE MORTGAGE CORP,1
"YREFY SLP5, LLC",1
"Wyatt Johnson Automotive Group Holdings, LLC",1
"World Credit Investors, LLC",1
"Wise Finance, LLC",1
Windham Equity Company,1
